"","BTC_DASH","BTC_ETH","BTC_LTC","BTC_XRP","BTC_NXT","BTC_BTS","BTC_STR","BTC_XEM","BTC_XMR","BTC_ZEC"
"1",0.05746716,0.03996921,0.00890013,2.367e-05,1.582e-05,8.95e-06,2.72e-06,2.411e-05,0.01666996,0.05477702
"2",0.05805999,0.03983678,0.00887798,2.439e-05,1.62e-05,9.08e-06,2.74e-06,2.32e-05,0.01619991,0.0543
"3",0.05875996,0.03944001,0.00900044,2.552e-05,1.562e-05,9.13e-06,2.79e-06,2.279e-05,0.01612276,0.054105
"4",0.05774,0.039395,0.0091,2.376e-05,1.594e-05,8.97e-06,2.76e-06,2.419e-05,0.01612,0.05520814
"5",0.0576277,0.03889143,0.00979988,2.402e-05,1.583e-05,9e-06,2.68e-06,2.353e-05,0.01631069,0.05475615
"6",0.05741741,0.0393313,0.00980104,2.677e-05,1.563e-05,9.23e-06,2.73e-06,2.376e-05,0.01635491,0.0548341
"7",0.05790001,0.03919999,0.00971779,2.673e-05,1.567e-05,9.75e-06,2.77e-06,2.517e-05,0.01644121,0.0547562
"8",0.05729903,0.03863579,0.00970424,2.685e-05,1.564e-05,9.5e-06,2.78e-06,2.673e-05,0.016441,0.05490647
"9",0.05749889,0.03878008,0.00977167,2.675e-05,1.591e-05,9.96e-06,2.8e-06,2.642e-05,0.016437,0.0554
"10",0.05815338,0.03886202,0.01020709,2.685e-05,1.62e-05,1.027e-05,2.83e-06,2.591e-05,0.01648107,0.05521
"11",0.05809717,0.03919,0.01048153,2.654e-05,1.62e-05,9.89e-06,2.83e-06,2.573e-05,0.01658001,0.05496014
"12",0.05879686,0.03944301,0.01101157,2.595e-05,1.654e-05,9.98e-06,2.88e-06,2.648e-05,0.01648002,0.05543415
"13",0.05814741,0.039014,0.0109894,2.575e-05,1.59e-05,9.55e-06,2.81e-06,2.551e-05,0.0162668,0.05559868
"14",0.05750301,0.03895548,0.0115,2.566e-05,1.61e-05,9.88e-06,2.82e-06,2.581e-05,0.01621369,0.05558888
"15",0.05847987,0.03921998,0.0122025,2.551e-05,1.613e-05,9.78e-06,2.8e-06,2.507e-05,0.01615084,0.05494438
"16",0.0577162,0.03893488,0.01244998,2.574e-05,1.601e-05,9.56e-06,2.82e-06,2.493e-05,0.01621119,0.05463
"17",0.057291,0.03878108,0.01241011,2.552e-05,1.593e-05,1.002e-05,2.79e-06,2.477e-05,0.01626,0.05445007
"18",0.05689986,0.038845,0.0121,2.558e-05,1.627e-05,1.018e-05,2.82e-06,2.516e-05,0.0161,0.05462103
"19",0.05690101,0.03911399,0.01232,2.54e-05,1.607e-05,1.01e-05,2.82e-06,2.572e-05,0.01606386,0.05440002
"20",0.05662,0.03919504,0.0123062,2.575e-05,1.636e-05,1.045e-05,2.85e-06,2.578e-05,0.01613001,0.05420063
"21",0.05659596,0.03968506,0.0117638,2.541e-05,1.653e-05,1.04e-05,2.87e-06,2.567e-05,0.01620546,0.0547819
"22",0.05734993,0.03989923,0.01174294,2.551e-05,1.82e-05,1.039e-05,2.91e-06,2.536e-05,0.01629978,0.05462004
"23",0.05714992,0.0401,0.01187,2.545e-05,1.725e-05,1.084e-05,3.18e-06,2.666e-05,0.01611019,0.05520001
"24",0.05735,0.04013941,0.01204707,2.54e-05,1.77e-05,1.063e-05,3.1e-06,2.64e-05,0.01606008,0.055451
"25",0.05738,0.03959999,0.01193885,2.5e-05,1.735e-05,1.074e-05,3.12e-06,2.68e-05,0.0158736,0.0547009
"26",0.05792,0.03990015,0.01205895,2.514e-05,1.772e-05,1.098e-05,3.06e-06,2.74e-05,0.015685,0.0547
"27",0.05765006,0.039565,0.01191771,2.649e-05,1.775e-05,1.091e-05,3.01e-06,2.775e-05,0.0158918,0.054805
"28",0.05779999,0.03966498,0.0117721,2.631e-05,1.827e-05,1.071e-05,3.05e-06,2.955e-05,0.01577999,0.054675
"29",0.05725,0.03934,0.01138,2.643e-05,1.842e-05,1e-05,3.01e-06,3e-05,0.01575037,0.054875
"30",0.05753076,0.03947,0.011631,2.6e-05,1.929e-05,1.043e-05,3.04e-06,3.016e-05,0.0158001,0.05475002
"31",0.05686999,0.03910007,0.01149,2.531e-05,1.94e-05,1.022e-05,2.98e-06,2.904e-05,0.01547602,0.05451
"32",0.05681276,0.03911949,0.01216,2.551e-05,1.887e-05,1.05e-05,2.99e-06,2.953e-05,0.0155497,0.05454892
"33",0.05655999,0.03935001,0.01196026,2.613e-05,1.891e-05,1.059e-05,3.02e-06,3.091e-05,0.01534705,0.05545
"34",0.05626703,0.03932402,0.01195484,2.557e-05,2.067e-05,1.067e-05,3.11e-06,3.27e-05,0.01532402,0.05826132
"35",0.05641,0.040285,0.01222,2.574e-05,2.198e-05,1.046e-05,3.09e-06,3.457e-05,0.01530016,0.0559
"36",0.05553953,0.040558,0.01209126,2.5e-05,2.076e-05,1.008e-05,3.04e-06,3.401e-05,0.01518984,0.05619
"37",0.0557805,0.04144395,0.01171362,2.578e-05,2.137e-05,9.98e-06,2.94e-06,3.563e-05,0.015219,0.056397
"38",0.05592,0.041036,0.01157884,2.559e-05,2.166e-05,1.023e-05,2.99e-06,3.883e-05,0.01510001,0.056321
"39",0.05533802,0.0409832,0.01149902,2.531e-05,2.14e-05,1.028e-05,3.04e-06,3.888e-05,0.01515561,0.056995
"40",0.05517,0.042494,0.011268,2.505e-05,2.117e-05,1.005e-05,3.01e-06,3.94e-05,0.014856,0.05588271
"41",0.05625,0.04490009,0.01125002,2.502e-05,2.103e-05,1.005e-05,3.02e-06,4.01e-05,0.0151935,0.05789746
"42",0.05890002,0.044612,0.01060458,2.519e-05,2.005e-05,9.96e-06,2.9e-06,3.654e-05,0.01625,0.05875901
"43",0.06099991,0.04497394,0.01095304,2.529e-05,2.032e-05,1.001e-05,2.92e-06,3.623e-05,0.01590191,0.058713
"44",0.05948134,0.0472551,0.01108372,2.644e-05,2.04e-05,1.004e-05,3e-06,3.553e-05,0.01605005,0.05839999
"45",0.0602,0.0483,0.010939,3.005e-05,1.988e-05,1.006e-05,3.08e-06,3.33e-05,0.01598786,0.05882999
"46",0.059704,0.05075991,0.010919,2.917e-05,1.998e-05,1.03e-05,3.14e-06,3.528e-05,0.016407,0.0628275
"47",0.06021692,0.04896551,0.0110292,3.059e-05,2.116e-05,1.042e-05,3.14e-06,3.445e-05,0.01664096,0.06188137
"48",0.05991154,0.049189,0.01117,3.459e-05,2.165e-05,1.042e-05,3.48e-06,3.611e-05,0.01671195,0.0621401
"49",0.06180999,0.05128002,0.011265,3.244e-05,2.172e-05,1.06e-05,3.49e-06,3.72e-05,0.01686527,0.06461291
"50",0.0604,0.053457,0.01092006,3.38e-05,2.125e-05,1.059e-05,3.42e-06,3.725e-05,0.01696718,0.063883
"51",0.06200032,0.05248493,0.011308,3.716e-05,2.189e-05,1.183e-05,3.43e-06,3.768e-05,0.016795,0.06675001
"52",0.06620011,0.052037,0.01108,3.857e-05,2.23e-05,1.185e-05,3.68e-06,3.631e-05,0.01683,0.06722795
"53",0.07366,0.05183006,0.01153708,3.884e-05,2.217e-05,1.191e-05,3.63e-06,3.635e-05,0.017471,0.06770055
"54",0.07085,0.05320215,0.01162903,3.851e-05,2.204e-05,1.131e-05,3.89e-06,3.719e-05,0.01720501,0.068502
"55",0.07236,0.052138,0.01150606,4.134e-05,2.237e-05,1.158e-05,3.75e-06,3.715e-05,0.01705999,0.07132998
"56",0.07140018,0.0514001,0.01194901,3.98e-05,2.258e-05,1.177e-05,3.77e-06,3.628e-05,0.01719507,0.072421
"57",0.07199857,0.0527,0.01228001,3.998e-05,2.292e-05,1.247e-05,3.85e-06,3.694e-05,0.0181998,0.07497684
"58",0.07359001,0.05270732,0.01204999,3.898e-05,2.265e-05,1.288e-05,3.89e-06,3.74e-05,0.01804306,0.07178456
"59",0.07252,0.05319001,0.01201678,3.84e-05,2.321e-05,1.253e-05,3.87e-06,3.745e-05,0.01828906,0.06890307
"60",0.07095,0.05409897,0.01190006,3.945e-05,2.312e-05,1.247e-05,3.81e-06,3.848e-05,0.01816203,0.07137894
"61",0.07,0.0576,0.01182499,3.89e-05,2.386e-05,1.246e-05,3.62e-06,3.752e-05,0.01804306,0.07245725
"62",0.06818037,0.05823999,0.01172903,3.833e-05,2.363e-05,1.204e-05,3.58e-06,3.831e-05,0.01763477,0.06940597
"63",0.06734532,0.05881182,0.01157321,3.933e-05,2.268e-05,1.188e-05,3.94e-06,3.999e-05,0.01708879,0.07061972
"64",0.07089977,0.05875001,0.01205981,4.166e-05,2.294e-05,1.207e-05,3.91e-06,4.07e-05,0.01748102,0.0711892
"65",0.06938998,0.05815782,0.01190364,4.121e-05,2.3e-05,1.252e-05,4.05e-06,4.04e-05,0.0171,0.0751
"66",0.06464294,0.05437446,0.0114,3.852e-05,2.027e-05,1.127e-05,3.69e-06,3.737e-05,0.01646999,0.06807011
"67",0.06149999,0.05293098,0.01088957,3.688e-05,2.04e-05,1.099e-05,3.48e-06,3.521e-05,0.01606084,0.06317961
"68",0.06184813,0.05300004,0.01128383,3.89e-05,2.01e-05,1.079e-05,3.67e-06,3.724e-05,0.01604597,0.06319859
"69",0.06178989,0.05475001,0.01106072,3.85e-05,2.045e-05,1.079e-05,3.62e-06,3.689e-05,0.016162,0.06603503
"70",0.06246998,0.05433,0.01111166,3.76e-05,1.965e-05,1.069e-05,3.45e-06,3.546e-05,0.01594077,0.06400011
"71",0.05847519,0.05076841,0.01061757,3.559e-05,1.808e-05,9.87e-06,3.12e-06,3.355e-05,0.01541002,0.06050001
"72",0.05857582,0.05300619,0.01096437,3.644e-05,1.871e-05,9.96e-06,3.3e-06,3.483e-05,0.01597501,0.06497997
"73",0.06047429,0.05400011,0.01115409,3.817e-05,1.927e-05,1.066e-05,3.49e-06,3.576e-05,0.01587552,0.06450001
"74",0.05953998,0.05251799,0.01107694,3.715e-05,1.894e-05,1.039e-05,3.33e-06,3.584e-05,0.015872,0.063175
"75",0.05874999,0.0525701,0.01105139,3.666e-05,1.828e-05,1.019e-05,3.24e-06,3.541e-05,0.01566744,0.061301
"76",0.06124936,0.0526312,0.012531,3.731e-05,1.891e-05,1.029e-05,3.31e-06,3.613e-05,0.01607356,0.06200167
"77",0.059988,0.05279901,0.01210399,3.758e-05,1.896e-05,1.057e-05,3.31e-06,3.665e-05,0.016006,0.06290148
"78",0.06150262,0.05431603,0.01259999,3.88e-05,1.941e-05,1.052e-05,3.51e-06,3.684e-05,0.016374,0.06218999
"79",0.05941,0.05233927,0.01432445,3.827e-05,1.812e-05,1.039e-05,3.4e-06,3.567e-05,0.01666206,0.06001001
"80",0.06053111,0.05311562,0.01418535,4.096e-05,1.894e-05,1.058e-05,3.47e-06,3.54e-05,0.01687982,0.060863
"81",0.0612,0.0535,0.01460092,4.207e-05,1.904e-05,1.141e-05,3.55e-06,3.621e-05,0.016875,0.0622
"82",0.06163,0.05598,0.01399841,4.309e-05,1.916e-05,1.147e-05,3.73e-06,3.675e-05,0.017,0.06290147
"83",0.0620011,0.0566,0.0142,4.53e-05,1.913e-05,1.162e-05,3.81e-06,3.699e-05,0.01661016,0.0651644
"84",0.0609585,0.05646508,0.01441663,4.799e-05,1.907e-05,1.147e-05,4.13e-06,4.086e-05,0.016505,0.06410001
"85",0.06088775,0.05857988,0.01522,4.858e-05,1.868e-05,1.16e-05,4.2e-06,3.941e-05,0.01671998,0.06316
"86",0.06053695,0.06150021,0.01542623,5.193e-05,1.885e-05,1.178e-05,4.34e-06,4.15e-05,0.01701042,0.06453828
"87",0.06108022,0.06122167,0.01634034,5.659e-05,1.928e-05,1.248e-05,4.87e-06,4.895e-05,0.01679999,0.06453843
"88",0.0606,0.06034,0.01645,5.648e-05,2.111e-05,1.401e-05,6.38e-06,4.642e-05,0.0176199,0.06819112
"89",0.06299997,0.0605001,0.01683513,6.622e-05,2.171e-05,1.518e-05,7.7e-06,4.807e-05,0.01793998,0.06942691
"90",0.06607329,0.06175988,0.01714875,6.7e-05,2.325e-05,1.403e-05,7.13e-06,4.744e-05,0.01910001,0.0704942
"91",0.06290479,0.05769726,0.01607,6.197e-05,2.166e-05,1.523e-05,6.79e-06,4.642e-05,0.01789699,0.06635832
"92",0.06380001,0.0593,0.01696,6.045e-05,2.137e-05,1.486e-05,7e-06,4.691e-05,0.01839534,0.06643715
"93",0.06421382,0.059674,0.01741012,6.461e-05,2.311e-05,1.739e-05,8.51e-06,4.805e-05,0.01911401,0.06877504
"94",0.06350001,0.05870504,0.01689582,6.3e-05,2.216e-05,1.582e-05,7.95e-06,4.73e-05,0.01864605,0.06704411
"95",0.064028,0.058845,0.01682584,6.289e-05,2.168e-05,1.769e-05,1.011e-05,4.709e-05,0.01860191,0.06610501
"96",0.064,0.05972503,0.01690393,6.22e-05,2.195e-05,1.723e-05,9.9e-06,4.573e-05,0.018274,0.06548347
"97",0.06221166,0.05933002,0.017308,6.301e-05,2.384e-05,1.802e-05,1.245e-05,4.662e-05,0.018217,0.06603488
"98",0.06302187,0.0604899,0.017956,6.45e-05,2.367e-05,2.022e-05,1.409e-05,4.629e-05,0.01841032,0.06883909
"99",0.06282194,0.0595,0.01901681,6.302e-05,2.85e-05,2.052e-05,1.35e-05,4.637e-05,0.018378,0.06850827
"100",0.0626,0.05998999,0.01972,6.882e-05,2.899e-05,2.032e-05,1.342e-05,4.516e-05,0.01880601,0.06701336
"101",0.06360925,0.06049997,0.0191,8.09e-05,2.973e-05,2.231e-05,1.684e-05,5.5e-05,0.018762,0.06616502
"102",0.06493,0.061019,0.01912,8.21e-05,2.863e-05,2.406e-05,1.882e-05,5.9e-05,0.01937878,0.06685503
"103",0.0678,0.06021994,0.01902016,9.451e-05,2.932e-05,2.306e-05,2.729e-05,6.4e-05,0.0216107,0.067553
"104",0.06710014,0.05839985,0.01899981,8.928e-05,2.736e-05,2.172e-05,2.796e-05,6.27e-05,0.02085537,0.065076
"105",0.06334905,0.056296,0.0182,0.0001049,2.745e-05,2.217e-05,3.199e-05,7.605e-05,0.019096,0.06311102
"106",0.06198448,0.05514994,0.01787998,0.00011252,2.729e-05,2.399e-05,2.999e-05,7.7e-05,0.01857115,0.06459401
"107",0.0618,0.05522,0.01830075,0.00012965,2.736e-05,2.352e-05,2.765e-05,8.049e-05,0.01868,0.0638
"108",0.060006,0.0559,0.01812679,0.00013697,2.736e-05,2.692e-05,2.968e-05,6.886e-05,0.01841121,0.06526702
"109",0.06032,0.054704,0.01788996,0.000115,3.066e-05,3.378e-05,2.801e-05,7.449e-05,0.01846119,0.06531649
"110",0.0586426,0.05209979,0.0167714,0.00011576,2.989e-05,3.088e-05,2.317e-05,7.397e-05,0.01775,0.06185882
"111",0.056,0.0491059,0.0153,8.587e-05,2.802e-05,2.6e-05,1.88e-05,5.889e-05,0.01755979,0.0596
"112",0.044,0.04457764,0.01347,7.5e-05,2.442e-05,1.621e-05,1.232e-05,5.605e-05,0.0149,0.05290076
"113",0.04899499,0.046,0.01484501,9.59e-05,2.318e-05,2.094e-05,1.639e-05,6.603e-05,0.01569803,0.0530085
"114",0.05275989,0.04859999,0.01695,9.82e-05,2.667e-05,2.454e-05,1.866e-05,7.036e-05,0.01651912,0.055
"115",0.05200006,0.04888777,0.01669162,9.297e-05,2.761e-05,2.189e-05,1.736e-05,6.724e-05,0.01620166,0.05315799
"116",0.05229504,0.05060001,0.01939998,9.11e-05,2.555e-05,2.149e-05,1.576e-05,6.56e-05,0.01629998,0.05477261
"117",0.05372731,0.0523,0.018509,0.00011127,2.618e-05,2.35e-05,2.131e-05,6.8e-05,0.0164561,0.05541501
"118",0.05478101,0.05126,0.02216,0.0001032,2.602e-05,2.389e-05,1.919e-05,6.395e-05,0.017503,0.05785453
"119",0.05395567,0.05195763,0.02108462,0.00010361,2.644e-05,2.43e-05,1.93e-05,6.499e-05,0.01715984,0.05785454
"120",0.05138561,0.049973,0.019178,9.54e-05,2.399e-05,2.208e-05,1.675e-05,5.974e-05,0.01670664,0.05449513
"121",0.0515,0.04986959,0.01823912,9.98e-05,2.504e-05,2.196e-05,1.68e-05,6.212e-05,0.017,0.05510499
"122",0.05176544,0.0492,0.01786086,0.00010501,2.501e-05,2.294e-05,1.776e-05,6.308e-05,0.01693898,0.05409
"123",0.05134913,0.04934996,0.01601697,9.697e-05,2.382e-05,2.004e-05,1.612e-05,6.16e-05,0.016885,0.05509
"124",0.04983006,0.04701098,0.01665335,9.311e-05,2.25e-05,1.875e-05,1.542e-05,5.966e-05,0.015869,0.05210308
"125",0.05017016,0.04855652,0.0172,9.577e-05,2.251e-05,2.049e-05,1.598e-05,6.199e-05,0.01598502,0.05270011
"126",0.05010001,0.04779099,0.01645782,9.601e-05,2.277e-05,1.945e-05,1.613e-05,6.169e-05,0.016,0.052901
"127",0.04930001,0.0474,0.0163,9.77e-05,2.21e-05,1.975e-05,2.398e-05,6.057e-05,0.01604501,0.052374
"128",0.04973765,0.04799003,0.01674481,9.999e-05,2.27e-05,2.031e-05,2.022e-05,6.023e-05,0.01615603,0.05151001
"129",0.0507,0.04940301,0.01708357,0.00010452,2.293e-05,2.177e-05,2.163e-05,6.367e-05,0.01644672,0.05316034
"130",0.05099999,0.05039899,0.01692881,0.00010636,2.471e-05,2.15e-05,2.224e-05,6.95e-05,0.016645,0.0555449
"131",0.05,0.04944846,0.01651336,0.00010951,2.466e-05,2.175e-05,2.493e-05,6.671e-05,0.016445,0.055
"132",0.0518,0.05039993,0.01660306,0.00011718,2.504e-05,2.191e-05,2.426e-05,6.949e-05,0.01689999,0.05587011
"133",0.05099463,0.05080824,0.01623,0.00011578,2.537e-05,2.34e-05,2.368e-05,7.216e-05,0.01695536,0.05762688
"134",0.05057785,0.0502,0.01591219,0.00012179,2.466e-05,2.25e-05,2.38e-05,7.613e-05,0.0168846,0.056465
"135",0.05128894,0.05092417,0.01610023,0.0001226,2.401e-05,2.146e-05,2.264e-05,7.267e-05,0.0165555,0.05666976
"136",0.05191083,0.050905,0.01578504,0.00012399,2.421e-05,2.177e-05,2.319e-05,7.435e-05,0.016345,0.0564949
"137",0.05107382,0.05027777,0.016121,0.000126,2.46e-05,2.01e-05,2.264e-05,7.46e-05,0.01639853,0.05595702
"138",0.05,0.04999998,0.01581096,0.0001202,2.422e-05,2.056e-05,2.2e-05,7.041e-05,0.01620161,0.05540141
"139",0.050012,0.04988677,0.01588666,0.00012386,2.726e-05,2.135e-05,2.203e-05,7.261e-05,0.016382,0.05449877
"140",0.05039802,0.04925001,0.01619119,0.00012,2.528e-05,2.052e-05,2.106e-05,7.146e-05,0.015991,0.05390973
"141",0.05028,0.049279,0.01641113,0.00012385,2.654e-05,2.041e-05,2.16e-05,7.116e-05,0.01610001,0.05385001
"142",0.05,0.04915,0.01638389,0.00011968,2.89e-05,2.108e-05,2.139e-05,7.046e-05,0.016065,0.05405
"143",0.05,0.04936602,0.01662486,0.0001226,2.895e-05,2.067e-05,2.134e-05,7.096e-05,0.01605012,0.05379998
"144",0.05052006,0.04941826,0.01609154,0.00011987,2.845e-05,2.06e-05,2.196e-05,7.237e-05,0.0159216,0.05304393
"145",0.05065,0.0502,0.0156603,0.00012007,3.135e-05,2.19e-05,2.178e-05,7.026e-05,0.01573356,0.05341478
"146",0.04984916,0.04979914,0.01600105,0.00012147,3.638e-05,2.182e-05,2.156e-05,7.064e-05,0.01589457,0.05362986
"147",0.04900003,0.05036898,0.01553,0.00013349,3.761e-05,2.165e-05,2.24e-05,6.977e-05,0.0158808,0.0545
"148",0.049315,0.05182532,0.01589478,0.00013621,3.917e-05,2.205e-05,2.295e-05,7.185e-05,0.01593464,0.05461702
"149",0.05020486,0.053171,0.01588,0.0001378,3.838e-05,2.186e-05,2.24e-05,7.123e-05,0.01603404,0.05511477
"150",0.05041,0.05329989,0.01513761,0.000145,3.78e-05,2.193e-05,2.478e-05,7.109e-05,0.01630403,0.05547799
"151",0.0502,0.05249793,0.014825,0.00014293,3.746e-05,2.409e-05,2.55e-05,7.1e-05,0.01627368,0.054743
"152",0.05296958,0.05210048,0.01455985,0.0001545,3.629e-05,2.38e-05,2.508e-05,6.809e-05,0.01604,0.0535
"153",0.0516,0.05352004,0.01441206,0.00017846,3.338e-05,2.527e-05,2.645e-05,6.53e-05,0.01561031,0.05444057
"154",0.05044224,0.05307499,0.01386265,0.00017479,3.53e-05,2.55e-05,2.723e-05,6.749e-05,0.0160151,0.05461537
"155",0.05,0.05207671,0.013896,0.00017777,3.536e-05,2.619e-05,2.832e-05,6.711e-05,0.01575686,0.0530121
"156",0.04926643,0.0501,0.01428442,0.0001656,3.387e-05,2.485e-05,2.653e-05,6.517e-05,0.01544101,0.05189823
"157",0.04884,0.0504896,0.01380069,0.00017609,3.345e-05,2.378e-05,2.663e-05,6.2e-05,0.01532105,0.05162673
"158",0.04911593,0.04947899,0.01323901,0.0001984,3.26e-05,2.58e-05,2.823e-05,5.919e-05,0.01508322,0.05128228
"159",0.04779999,0.04862681,0.01277998,0.0002115,2.997e-05,2.559e-05,2.875e-05,6.067e-05,0.01463552,0.04921527
"160",0.04447088,0.04789001,0.01276003,0.00022615,3.211e-05,2.626e-05,2.74e-05,6.241e-05,0.014401,0.04812089
"161",0.04600001,0.04800099,0.0137959,0.00019948,3.102e-05,2.428e-05,2.471e-05,6.4e-05,0.01450176,0.04830031
"162",0.04560001,0.04778896,0.013438,0.0001986,3.116e-05,2.441e-05,2.4e-05,6.435e-05,0.01479468,0.04860001
"163",0.04583362,0.0473,0.01360001,0.000209,3.073e-05,2.592e-05,2.67e-05,6.609e-05,0.01526301,0.05020022
"164",0.045601,0.04790839,0.01390003,0.0002085,3.431e-05,2.584e-05,2.665e-05,6.616e-05,0.01484596,0.0504
"165",0.04599957,0.04889999,0.01401149,0.00020045,3.245e-05,2.646e-05,2.5e-05,0.000103,0.01500001,0.04942412
"166",0.0465,0.05144199,0.01391091,0.0001876,3.404e-05,2.88e-05,2.429e-05,9.612e-05,0.01526261,0.05107697
"167",0.04764697,0.05010126,0.0139046,0.00019788,3.473e-05,2.89e-05,2.532e-05,9.464e-05,0.01608962,0.05117342
"168",0.04623058,0.0496,0.01395011,0.00018674,3.298e-05,2.695e-05,2.449e-05,9.496e-05,0.01584999,0.04903417
"169",0.04777004,0.0511377,0.0143849,0.00019181,3.275e-05,2.883e-05,2.445e-05,0.000106,0.01624335,0.05
"170",0.0475003,0.050724,0.015,0.00018951,3.375e-05,3.164e-05,2.428e-05,0.00011495,0.01602008,0.04997465
"171",0.0470353,0.05548999,0.01412999,0.00017623,3.331e-05,3.262e-05,2.363e-05,0.00011744,0.01593,0.05213301
"172",0.04662886,0.05705,0.01426002,0.000178,3.358e-05,3.118e-05,2.53e-05,0.000125,0.01618723,0.05339618
"173",0.04579991,0.05701949,0.01415047,0.00017102,3.646e-05,3.101e-05,2.429e-05,0.00013699,0.01607617,0.0524139
"174",0.0481967,0.05909997,0.01408,0.0001769,3.896e-05,3.405e-05,2.8e-05,0.0001201,0.01622,0.05311102
"175",0.05146499,0.06129097,0.01402332,0.00017237,3.673e-05,3.739e-05,2.755e-05,0.00011921,0.0162,0.05290453
"176",0.05000002,0.06317,0.0139269,0.00016363,3.703e-05,3.866e-05,2.519e-05,0.00010936,0.0162,0.05303587
"177",0.04989909,0.06439478,0.01383042,0.000156,3.607e-05,4.272e-05,2.566e-05,0.00011399,0.01597785,0.05350003
"178",0.05268778,0.0615,0.01393001,0.00016304,4.066e-05,4.18e-05,2.63e-05,0.00012211,0.01603209,0.05438912
"179",0.05125466,0.06210997,0.01375187,0.000179,3.804e-05,3.867e-05,2.701e-05,0.00010978,0.01608639,0.05345087
"180",0.0522895,0.06282452,0.01356001,0.0001755,3.781e-05,4.226e-05,2.669e-05,0.000116,0.01625138,0.05373886
"181",0.05076165,0.06242502,0.01339713,0.000176,3.669e-05,4.092e-05,2.632e-05,0.00011268,0.01792869,0.05310011
"182",0.04877045,0.05971611,0.01324656,0.0001689,3.685e-05,4.089e-05,2.636e-05,0.00010927,0.0171,0.05159996
"183",0.04917727,0.06040001,0.01290144,0.00017071,3.868e-05,4.448e-05,2.69e-05,0.00011349,0.01706,0.0512
"184",0.04824979,0.0629,0.01282036,0.00017117,4.037e-05,4.886e-05,2.701e-05,0.00011127,0.01733422,0.05173858
"185",0.04758001,0.06679997,0.01309988,0.00016407,3.89e-05,4.9e-05,2.668e-05,0.000114,0.01751784,0.0534059
"186",0.04910993,0.06708558,0.01321,0.00016461,3.889e-05,4.959e-05,2.676e-05,0.0001193,0.01707415,0.0544
"187",0.04866711,0.06972499,0.01278,0.00016499,3.787e-05,4.637e-05,3.144e-05,0.00012304,0.01685063,0.05720002
"188",0.04979273,0.07229998,0.012605,0.0001605,3.8e-05,4.781e-05,3.068e-05,0.00011899,0.017,0.05827901
"189",0.0474,0.0713,0.01204548,0.00015394,3.55e-05,4.252e-05,2.881e-05,0.00013337,0.01646779,0.05789064
"190",0.04550014,0.07760097,0.01125785,0.0001382,3.28e-05,3.707e-05,2.515e-05,0.00012038,0.01576001,0.05669151
"191",0.04733843,0.0785,0.01110999,0.00015,3.463e-05,3.85e-05,2.499e-05,0.00012202,0.0161,0.05859654
"192",0.06099001,0.0773,0.0113,0.00013894,3.322e-05,3.678e-05,2.368e-05,0.00010888,0.01780882,0.117
"193",0.05599,0.07820001,0.01137414,0.00013855,3.479e-05,3.953e-05,2.445e-05,0.000113,0.017575,0.10000017
"194",0.056,0.07468504,0.01151101,0.0001415,3.395e-05,3.831e-05,2.388e-05,0.00012106,0.01714007,0.0958
"195",0.0622,0.07505005,0.01148587,0.00013676,3.38e-05,3.733e-05,2.455e-05,0.00011671,0.01777794,0.104
"196",0.06159999,0.07598,0.01260098,0.0001361,3.569e-05,4.16e-05,2.405e-05,0.000121,0.0183599,0.11027944
"197",0.06129974,0.0737,0.0128003,0.00014181,3.475e-05,4.1e-05,2.491e-05,0.00011593,0.0188089,0.12500002
"198",0.06010499,0.07598169,0.01279497,0.00014701,3.418e-05,3.867e-05,2.571e-05,0.00011135,0.0194,0.1096
"199",0.059131,0.07319,0.01353361,0.00014498,3.41e-05,3.934e-05,2.438e-05,0.00011152,0.02135,0.106
"200",0.05952819,0.07445,0.01367,0.000143,3.463e-05,4.004e-05,2.437e-05,0.00011608,0.02475501,0.10441143
"201",0.06296568,0.07624998,0.01379999,0.00014,3.556e-05,4.108e-05,2.454e-05,0.00011299,0.02266407,0.1063
"202",0.064,0.07960007,0.01425007,0.00014134,3.596e-05,4.05e-05,2.44e-05,0.00011446,0.0234,0.10792622
"203",0.0625,0.0804021,0.01340969,0.000136,3.583e-05,3.9e-05,2.411e-05,0.0001085,0.02393,0.11621305
"204",0.0633,0.08013001,0.0133,0.0001348,3.457e-05,3.783e-05,2.307e-05,0.00010744,0.0243789,0.10999665
"205",0.06108609,0.07610995,0.01398648,0.00012015,3.252e-05,3.667e-05,2.031e-05,0.00010401,0.0206,0.10100668
"206",0.0586648,0.07682554,0.01397,0.00011984,3.348e-05,3.48e-05,2.1e-05,0.00010712,0.01848664,0.09599998
"207",0.05497007,0.07674817,0.01235814,9.7e-05,2.834e-05,2.994e-05,1.8e-05,8.642e-05,0.016777,0.08479007
"208",0.05457787,0.07528619,0.0124009,0.000116,2.847e-05,3.139e-05,1.936e-05,9.491e-05,0.0176689,0.09210001
"209",0.0513,0.0752,0.01197,0.0001006,2.622e-05,2.945e-05,1.719e-05,8.594e-05,0.01756131,0.09346158
"210",0.053,0.07489364,0.0125,0.0001008,2.607e-05,2.9e-05,1.687e-05,8.545e-05,0.01768773,0.08985764
"211",0.05285761,0.07360005,0.012,0.00010798,2.979e-05,3.118e-05,1.832e-05,9.32e-05,0.018193,0.09262683
"212",0.05228362,0.07480009,0.01201603,0.00010518,2.881e-05,3.13e-05,1.736e-05,8.959e-05,0.0174216,0.09584477
"213",0.05560001,0.07550012,0.01216,0.00011888,2.931e-05,3.185e-05,2.1e-05,9.289e-05,0.0181001,0.10113662
"214",0.05606157,0.075,0.01215004,0.000123,2.898e-05,3.321e-05,2.02e-05,9.288e-05,0.017734,0.09355411
"215",0.05444549,0.0759,0.01172005,0.000123,2.658e-05,3.268e-05,1.911e-05,8.788e-05,0.01740001,0.09454119
"216",0.05413001,0.07419,0.011914,0.00012401,2.673e-05,3.102e-05,2.013e-05,9.087e-05,0.017011,0.09160449
"217",0.05210398,0.0736,0.01171003,0.0001199,2.5e-05,2.885e-05,1.847e-05,8.594e-05,0.01700116,0.08759992
"218",0.05096051,0.07206974,0.01135277,0.000121,2.452e-05,2.719e-05,1.829e-05,8.349e-05,0.01747986,0.0895
"219",0.05121653,0.07151005,0.01099999,0.00011799,2.393e-05,2.765e-05,1.744e-05,7.833e-05,0.01708004,0.08650002
"220",0.0486977,0.06913516,0.01098053,0.0001074,2.303e-05,2.468e-05,1.578e-05,7.85e-05,0.01624158,0.08231491
"221",0.04908942,0.0715,0.01088,9.638e-05,2.13e-05,2.611e-05,1.534e-05,7.798e-05,0.01546,0.0840027
"222",0.04931524,0.0757,0.01145004,0.00010146,2.327e-05,2.62e-05,1.65e-05,8.29e-05,0.0164,0.089
"223",0.0504801,0.07526572,0.01113578,0.0001066,2.5e-05,2.699e-05,1.612e-05,8.593e-05,0.01665,0.09189
"224",0.04939527,0.07580006,0.01116379,0.00010293,2.211e-05,2.596e-05,1.62e-05,9.539e-05,0.01650001,0.08968
"225",0.0515234,0.07831006,0.01135,0.00010548,2.38e-05,3.159e-05,1.799e-05,9.986e-05,0.017252,0.0923814
"226",0.05189999,0.07922122,0.01155,0.00010779,2.367e-05,3.004e-05,1.756e-05,9.51e-05,0.0173681,0.09318001
"227",0.05083791,0.07851,0.01121812,0.00010335,2.371e-05,2.963e-05,1.742e-05,9.2e-05,0.0165111,0.09051461
"228",0.04908501,0.07628216,0.01071502,0.00010033,2.115e-05,2.6e-05,1.58e-05,8.55e-05,0.016455,0.08675
"229",0.04982449,0.07621673,0.01078297,0.00010008,2.155e-05,2.74e-05,1.673e-05,9.053e-05,0.0172,0.08960001
"230",0.0501,0.0785606,0.01105159,0.00010489,2.273e-05,2.767e-05,1.65e-05,9.45e-05,0.01711999,0.09020703
"231",0.0499,0.07803292,0.01100745,0.00010168,2.161e-05,2.786e-05,1.618e-05,9.14e-05,0.01696009,0.0898
"232",0.05067882,0.07768895,0.01138768,0.00010185,2.108e-05,2.643e-05,1.609e-05,9.126e-05,0.01710001,0.0881
"233",0.05070957,0.07879999,0.0111299,0.00010312,2.381e-05,2.679e-05,1.606e-05,9.084e-05,0.01790899,0.08864658
"234",0.05079999,0.08229937,0.0111191,0.00010614,2.45e-05,2.813e-05,1.696e-05,9.171e-05,0.01869793,0.08888035
"235",0.050801,0.08199501,0.01112725,0.0001035,2.714e-05,2.809e-05,1.669e-05,9.112e-05,0.01860206,0.08847
"236",0.052,0.08580023,0.01124841,0.00010164,2.526e-05,2.782e-05,1.629e-05,9.091e-05,0.01817701,0.08957666
"237",0.0516471,0.08880001,0.0111,0.00010229,2.575e-05,2.948e-05,1.658e-05,9.334e-05,0.01901059,0.08915
"238",0.05180984,0.0954,0.01145676,9.916e-05,2.545e-05,2.845e-05,1.603e-05,9.276e-05,0.01859038,0.1002
"239",0.052924,0.09131,0.01138708,0.00010025,2.6e-05,2.811e-05,1.604e-05,9.355e-05,0.01860026,0.10091364
"240",0.05266807,0.09030514,0.01117162,9.676e-05,2.505e-05,2.715e-05,1.52e-05,9.078e-05,0.01953428,0.10000002
"241",0.05498888,0.09399999,0.01109512,9.617e-05,2.506e-05,2.753e-05,1.538e-05,8.755e-05,0.01926799,0.10376005
"242",0.05545899,0.10580019,0.01098761,9.25e-05,2.379e-05,2.761e-05,1.409e-05,8.269e-05,0.01820001,0.10460631
"243",0.0547009,0.10689908,0.01091872,9.19e-05,2.255e-05,2.653e-05,1.443e-05,8.353e-05,0.01871001,0.10870488
"244",0.05585144,0.09889999,0.011175,0.000103,2.39e-05,2.613e-05,1.52e-05,8.82e-05,0.01788631,0.10456631
"245",0.056,0.1042,0.010987,9.78e-05,2.368e-05,2.571e-05,1.446e-05,8.56e-05,0.01796062,0.10423007
"246",0.0603,0.09962181,0.011141,9.715e-05,2.316e-05,2.65e-05,1.426e-05,8.43e-05,0.01825007,0.10121377
"247",0.05897604,0.1003,0.01114994,9.872e-05,2.311e-05,2.609e-05,1.417e-05,8.408e-05,0.01864267,0.102624
"248",0.05990832,0.0996949,0.01127741,0.0001074,2.422e-05,2.674e-05,1.52e-05,8.677e-05,0.01838,0.1009
"249",0.06130001,0.09815001,0.011382,0.00011789,2.46e-05,2.8e-05,1.638e-05,9.023e-05,0.01849,0.10480998
"250",0.05970041,0.09576917,0.01118997,0.00013262,2.412e-05,2.861e-05,1.84e-05,9.7e-05,0.01852354,0.10684999
"251",0.0586472,0.09310001,0.01167999,0.00012951,2.355e-05,2.832e-05,1.704e-05,9.095e-05,0.01839463,0.10440001
"252",0.05755,0.09262001,0.01150566,0.0001242,2.359e-05,2.857e-05,1.649e-05,9.076e-05,0.01884001,0.10186273
"253",0.05809699,0.09088199,0.0113509,0.00012968,2.429e-05,2.872e-05,1.675e-05,9.158e-05,0.01865519,0.1025466
"254",0.0567551,0.09154499,0.01146,0.00013865,2.39e-05,3.036e-05,1.789e-05,9.464e-05,0.0183,0.10300671
"255",0.05810117,0.09399985,0.01164914,0.00013499,2.507e-05,3.275e-05,1.738e-05,9.426e-05,0.01831023,0.10555835
"256",0.0588635,0.09120002,0.01164201,0.0001259,2.6e-05,3.385e-05,1.678e-05,9.07e-05,0.0182,0.1034872
"257",0.05940668,0.09373949,0.01137524,0.00012239,2.569e-05,3.31e-05,1.676e-05,9.044e-05,0.01859,0.10201017
"258",0.0574,0.09123205,0.01135465,0.000125,2.59e-05,3.196e-05,1.668e-05,9.1e-05,0.01810401,0.10150007
"259",0.0592,0.09021897,0.01129309,0.00012075,2.875e-05,3.547e-05,1.678e-05,9.206e-05,0.01811557,0.09999
"260",0.05887999,0.08932999,0.0112069,0.0001174,2.8e-05,3.433e-05,1.625e-05,9.05e-05,0.01778723,0.09630003
"261",0.05996463,0.09116223,0.01115277,0.00011779,2.75e-05,3.485e-05,1.647e-05,9.129e-05,0.01799996,0.09773811
"262",0.05955485,0.08953501,0.01107,0.00011884,2.658e-05,3.541e-05,1.623e-05,9.101e-05,0.01781465,0.0967
"263",0.05760725,0.08789897,0.01079159,0.00011832,2.675e-05,3.291e-05,1.542e-05,8.792e-05,0.01754531,0.09336499
"264",0.05780006,0.08617652,0.01078162,0.0001122,2.741e-05,3.524e-05,1.532e-05,8.745e-05,0.01721977,0.09009901
"265",0.05630001,0.0873725,0.01075041,0.00010988,2.657e-05,3.337e-05,1.52e-05,8.402e-05,0.01718995,0.08867701
"266",0.0568739,0.088,0.01071349,0.00011535,2.565e-05,3.679e-05,1.539e-05,8.424e-05,0.01672895,0.08916128
"267",0.05685712,0.0928,0.01085254,0.00011211,2.619e-05,3.89e-05,1.553e-05,8.727e-05,0.01733863,0.09384
"268",0.05560002,0.09191955,0.01066551,0.0001122,2.662e-05,3.845e-05,1.508e-05,8.491e-05,0.01693006,0.09300018
"269",0.05575055,0.0929001,0.01077001,0.0001194,2.699e-05,4.07e-05,1.57e-05,8.591e-05,0.01678958,0.09160065
"270",0.0558,0.09894,0.01079433,0.00011561,2.673e-05,4.035e-05,1.555e-05,8.425e-05,0.01681237,0.09570563
"271",0.05665391,0.09979001,0.01107676,0.0001132,2.799e-05,4.139e-05,1.555e-05,8.635e-05,0.01702524,0.09369307
"272",0.05733777,0.09712,0.01105622,0.00011637,2.73e-05,4.203e-05,1.58e-05,8.484e-05,0.0171,0.09414999
"273",0.05615005,0.09570001,0.011272,0.0001135,2.855e-05,4.485e-05,1.563e-05,8.586e-05,0.017328,0.09299999
"274",0.05589601,0.09500011,0.01116128,0.00011371,3.385e-05,4.495e-05,1.633e-05,8.882e-05,0.0178822,0.09289996
"275",0.0556,0.09495499,0.01118626,0.00011285,3.14e-05,4.444e-05,1.617e-05,8.73e-05,0.01782002,0.10321634
"276",0.05510002,0.0945888,0.01114995,0.00011049,3.102e-05,4.158e-05,1.595e-05,8.72e-05,0.01740691,0.09640117
"277",0.05499801,0.0937199,0.01184,0.00011145,3.253e-05,4.168e-05,1.586e-05,8.486e-05,0.01760711,0.09679068
"278",0.0535,0.09170021,0.0113399,0.00010749,3.055e-05,3.949e-05,1.534e-05,8.734e-05,0.01804932,0.09216
"279",0.05031248,0.091,0.01066112,0.00010176,2.747e-05,3.623e-05,1.441e-05,7.849e-05,0.01827751,0.08900003
"280",0.05170151,0.09069001,0.01063863,0.0001024,2.829e-05,3.83e-05,1.425e-05,8.048e-05,0.01868,0.09131001
"281",0.051929,0.09008338,0.01068062,0.00010088,2.799e-05,4.079e-05,1.455e-05,8.041e-05,0.01825881,0.09168001
"282",0.0517032,0.09331,0.01060099,0.00010099,2.835e-05,3.893e-05,1.564e-05,8.127e-05,0.01799721,0.09030014
"283",0.05070356,0.09049797,0.01051327,9.909e-05,2.876e-05,3.875e-05,1.506e-05,8.109e-05,0.0178001,0.0887
"284",0.05106652,0.09179996,0.01050001,9.873e-05,2.913e-05,3.967e-05,1.566e-05,8.14e-05,0.01942,0.09029989
"285",0.0512471,0.09217606,0.0105795,9.875e-05,3.183e-05,4.048e-05,1.598e-05,8e-05,0.02020209,0.09089999
"286",0.05179989,0.09239894,0.01056599,0.00010001,3.126e-05,4.107e-05,1.649e-05,8.102e-05,0.01978715,0.09250002
"287",0.05322766,0.0928,0.010565,9.904e-05,3.069e-05,4.05e-05,1.604e-05,8.05e-05,0.02019277,0.106
"288",0.05314887,0.09303,0.01057306,0.00010346,3.131e-05,3.984e-05,1.666e-05,8.028e-05,0.01957997,0.09678386
"289",0.05304,0.09399997,0.01064697,0.00010485,3.29e-05,4.009e-05,1.894e-05,7.87e-05,0.02039,0.10332
"290",0.05149,0.09480958,0.01060051,0.00010189,3.324e-05,3.851e-05,1.755e-05,7.775e-05,0.01961141,0.09844
"291",0.05269001,0.09346,0.01058481,0.00010173,3.113e-05,3.914e-05,1.91e-05,7.856e-05,0.01988773,0.10180034
"292",0.0519,0.09330503,0.01053009,0.00010265,3.142e-05,4.542e-05,1.882e-05,7.931e-05,0.0198999,0.09950015
"293",0.05209,0.09413,0.01048201,0.00010545,3.148e-05,5.225e-05,1.918e-05,7.839e-05,0.01979109,0.09866941
"294",0.05252075,0.09345001,0.0105652,0.00010529,3.197e-05,5.261e-05,1.932e-05,7.8e-05,0.01999998,0.09870151
"295",0.051901,0.09212252,0.0109,0.000103,3.278e-05,5.195e-05,1.814e-05,7.667e-05,0.02026992,0.098135
"296",0.05187204,0.0926,0.01071848,0.00010182,3.488e-05,5.898e-05,1.794e-05,7.716e-05,0.01996532,0.09700006
"297",0.05140002,0.09274272,0.01065341,0.00010349,3.819e-05,6.4e-05,1.798e-05,7.908e-05,0.01981717,0.0975
"298",0.05280001,0.09399998,0.010773,0.0001033,3.999e-05,6.051e-05,1.825e-05,7.809e-05,0.01989997,0.0977785
"299",0.05210362,0.09383249,0.0107,0.0001026,4.047e-05,6.055e-05,1.781e-05,7.749e-05,0.02001,0.09668137
"300",0.0525,0.0962951,0.01054559,0.00010183,4.125e-05,7.825e-05,1.695e-05,7.74e-05,0.0199678,0.09743
"301",0.05200327,0.09647999,0.01052015,0.00010115,4.442e-05,8.398e-05,1.712e-05,7.725e-05,0.01989996,0.09788
"302",0.05306784,0.09910001,0.01048001,9.98e-05,4.281e-05,9.271e-05,1.668e-05,7.657e-05,0.01974249,0.0999001
"303",0.05231241,0.1002999,0.01060399,9.969e-05,5.199e-05,9.448e-05,1.632e-05,7.689e-05,0.01980004,0.0999
"304",0.05199689,0.10180004,0.01046702,9.861e-05,5.17e-05,0.000126,1.614e-05,7.37e-05,0.019625,0.10470002
"305",0.05229989,0.10198999,0.01035499,9.236e-05,5.023e-05,0.000151,1.457e-05,7.065e-05,0.01889001,0.10030001
"306",0.05200094,0.1066,0.01037758,9.35e-05,5.198e-05,0.0001335,1.526e-05,6.98e-05,0.01878,0.10399999
"307",0.05253965,0.11019999,0.0103,9.208e-05,4.2e-05,0.00012399,1.533e-05,6.989e-05,0.01885,0.10581377
"308",0.05261101,0.11647888,0.01024006,8.926e-05,3.898e-05,0.00011513,1.467e-05,6.676e-05,0.01820007,0.11405929
"309",0.05323608,0.11889988,0.0102302,9.1e-05,4.1e-05,0.0001195,1.45e-05,6.825e-05,0.01865153,0.11145803
"310",0.05423599,0.12100001,0.01036999,9.295e-05,4.523e-05,0.00012034,1.511e-05,7.696e-05,0.01874998,0.1175
"311",0.06001,0.11870689,0.0103989,9.203e-05,4.414e-05,0.00011355,1.554e-05,7.541e-05,0.01886522,0.114
"312",0.06602002,0.1137,0.01083045,9.051e-05,4.352e-05,0.000109,1.481e-05,7.225e-05,0.0190309,0.1049
"313",0.06582091,0.1177559,0.01087027,9.181e-05,5.083e-05,0.00011702,1.581e-05,7.105e-05,0.01891911,0.10859133
"314",0.06319997,0.11380986,0.0113245,9.141e-05,4.88e-05,0.0001329,1.544e-05,7.194e-05,0.0199011,0.1114
"315",0.06390201,0.11699999,0.01091491,9.529e-05,4.784e-05,0.00012273,1.558e-05,7.566e-05,0.01971,0.10926784
"316",0.06483204,0.12547796,0.01076,9.106e-05,5.062e-05,0.00012455,1.505e-05,7.695e-05,0.01962713,0.11208001
"317",0.06303265,0.13750001,0.01049998,9.135e-05,5.1e-05,0.00012026,1.472e-05,7.451e-05,0.018962,0.1104
"318",0.0645,0.1395001,0.01067556,9.18e-05,6.974e-05,0.000126,1.466e-05,7.575e-05,0.01949869,0.11509101
"319",0.06310053,0.13651,0.01089999,9.317e-05,5.923e-05,0.000136,1.48e-05,7.685e-05,0.01884275,0.11355
"320",0.0645,0.15020004,0.01089976,9.259e-05,6.184e-05,0.00014045,1.488e-05,7.479e-05,0.01900155,0.116332
"321",0.06555029,0.14602499,0.01083275,9.431e-05,7.55e-05,0.00014203,1.489e-05,7.481e-05,0.01934,0.1243035
"322",0.0663,0.14059999,0.01074953,9.266e-05,8.21e-05,0.00012701,1.518e-05,7.557e-05,0.01906025,0.11869903
"323",0.06589762,0.137,0.01070102,9.315e-05,7.952e-05,0.00013132,1.505e-05,7.491e-05,0.019025,0.12029007
"324",0.06525187,0.14141101,0.01077001,9.289e-05,8.034e-05,0.00012902,1.518e-05,7.508e-05,0.0191,0.12540733
"325",0.067025,0.14415482,0.01105001,9.351e-05,7.461e-05,0.00013398,1.507e-05,7.634e-05,0.01918863,0.13587007
"326",0.06749983,0.1436,0.01128899,9.686e-05,7.137e-05,0.00013142,1.525e-05,7.609e-05,0.019225,0.13511482
"327",0.06753477,0.142,0.01132811,9.507e-05,7.101e-05,0.00013025,1.535e-05,8.198e-05,0.01938,0.13670092
"328",0.06721669,0.1399685,0.01116317,9.488e-05,7e-05,0.0001248,1.531e-05,7.855e-05,0.01919963,0.1556
"329",0.06704198,0.14010001,0.0112097,0.00010489,7.09e-05,0.00012289,1.57e-05,8.054e-05,0.01919999,0.14999982
"330",0.06500212,0.14085002,0.0113,0.0001046,7.059e-05,0.0001195,1.553e-05,7.973e-05,0.01891001,0.16160078
"331",0.06451808,0.14179999,0.01136276,0.00010697,7.02e-05,0.00012699,1.608e-05,8.1e-05,0.018943,0.15650003
"332",0.06510586,0.1401,0.01180004,0.00010628,6.712e-05,0.00012145,1.6e-05,8.05e-05,0.01890393,0.15571286
"333",0.06560584,0.13851406,0.0115199,0.0001032,6.556e-05,0.0001205,1.581e-05,7.78e-05,0.01879869,0.1579
"334",0.06451668,0.13850102,0.01159061,0.00010485,6.624e-05,0.0001178,1.533e-05,7.96e-05,0.01869176,0.14859533
"335",0.0643,0.13262673,0.011591,0.00010252,6.48e-05,0.00011471,1.509e-05,7.629e-05,0.01869302,0.1425
"336",0.0641,0.13467599,0.01187823,0.00010424,6.282e-05,0.00011741,1.493e-05,7.579e-05,0.01888,0.14169999
"337",0.06467121,0.13649,0.01225639,0.0001037,6.595e-05,0.0001298,1.507e-05,7.898e-05,0.01871841,0.14867
"338",0.06619999,0.14250191,0.01203565,0.0001012,7.203e-05,0.000129,1.524e-05,7.863e-05,0.01902,0.16138482
"339",0.06618,0.13958636,0.01198584,0.00010079,7.18e-05,0.0001241,1.519e-05,7.788e-05,0.01892013,0.1601377
"340",0.06575759,0.14038985,0.01240002,0.00010192,6.868e-05,0.00012505,1.516e-05,7.779e-05,0.01910701,0.15482845
"341",0.0655,0.14279995,0.01218001,0.000102,6.7e-05,0.000124,1.514e-05,7.779e-05,0.01909194,0.15844998
"342",0.0661,0.14441311,0.01282,0.00010138,6.751e-05,0.00012114,1.503e-05,7.845e-05,0.01921001,0.157171
"343",0.064988,0.14303006,0.0133224,0.00010109,6.563e-05,0.00012271,1.515e-05,7.744e-05,0.019205,0.15111129
"344",0.0655,0.14275711,0.0137049,0.00010094,6.742e-05,0.00011884,1.498e-05,7.636e-05,0.01934,0.155
"345",0.06575,0.14071522,0.01523,9.859e-05,6.523e-05,0.00011757,1.494e-05,7.842e-05,0.0197,0.14920008
"346",0.06654612,0.14183015,0.0154,0.00010025,6.475e-05,0.00011695,1.494e-05,7.928e-05,0.0205901,0.15233449
"347",0.0666951,0.13930004,0.01484264,9.833e-05,6.404e-05,0.00012799,1.521e-05,7.84e-05,0.019902,0.14805001
"348",0.06830693,0.1381,0.01689994,9.888e-05,6.357e-05,0.00011928,1.528e-05,7.859e-05,0.01967747,0.1436044
"349",0.06886102,0.13810001,0.01732199,9.81e-05,6.449e-05,0.00012073,1.519e-05,7.587e-05,0.01988299,0.144
"350",0.068332,0.13975,0.01740229,9.834e-05,6.351e-05,0.0001223,1.521e-05,7.63e-05,0.01999303,0.15021817
"351",0.06838935,0.14118888,0.01698975,9.897e-05,6.334e-05,0.00012171,1.509e-05,7.66e-05,0.02005056,0.14898099
"352",0.0699,0.1414455,0.01594445,9.899e-05,6.3e-05,0.00011938,1.51e-05,7.624e-05,0.02032129,0.15042491
"353",0.07,0.143154,0.01749874,0.0001008,6.3e-05,0.00012009,1.513e-05,7.641e-05,0.01998639,0.1485965
"354",0.07126543,0.14110009,0.01695883,0.00010621,6.26e-05,0.00012057,1.513e-05,7.726e-05,0.02014979,0.148
"355",0.07269828,0.14000002,0.01643894,0.0001057,6.231e-05,0.00012077,1.521e-05,7.7e-05,0.01988499,0.14676969
"356",0.07569956,0.14024989,0.01732,0.00010559,6.146e-05,0.00011861,1.516e-05,7.705e-05,0.01986847,0.14800024
"357",0.07830712,0.14083234,0.01694,0.00010377,6.171e-05,0.00011892,1.529e-05,7.781e-05,0.02020974,0.14740786
"358",0.0766752,0.14010003,0.01821999,0.00010442,6.905e-05,0.00011786,1.527e-05,7.813e-05,0.01961909,0.146
"359",0.0785,0.1395,0.01842,0.0001055,7.03e-05,0.0001192,1.52e-05,7.734e-05,0.02008001,0.14837635
"360",0.07629991,0.13899999,0.01899501,0.00010366,6.808e-05,0.0001183,1.531e-05,7.754e-05,0.01981094,0.14806667
